Player,Tm,Pos,Age,FantasyPoints,G,GS,PassingYds,PassingTD,PassingAtt,RushingYds,RushingTD,RushingAtt,ReceivingYds,ReceivingTD,Tgt,Rec,Int,Fumbles,FumblesLost
Billy Sims,DET,RB,26.0,288.79999999999995,14.0,14.0,0.0,0.0,0.0,1437.0,13.0,296.0,451.0,2.0,,28.0,0.0,9.0,0.0
William Andrews,ATL,RB,26.0,332.6,16.0,16.0,0.0,0.0,0.0,1301.0,10.0,289.0,735.0,2.0,,81.0,0.0,12.0,0.0
Chuck Muncie,SDG,RB,28.0,293.72,15.0,14.0,3.0,1.0,1.0,1144.0,19.0,251.0,362.0,0.0,,43.0,0.0,9.0,0.0
Alfred Jenkins,ATL,WR,29.0,277.8,16.0,16.0,0.0,0.0,0.0,0.0,0.0,0.0,1358.0,13.0,,70.0,0.0,3.0,0.0
George Rogers,NOR,RB,23.0,248.0,16.0,16.0,0.0,0.0,0.0,1674.0,13.0,378.0,126.0,0.0,,16.0,0.0,13.0,0.0
Wendell Tyler,RAM,RB,26.0,276.0,15.0,15.0,0.0,0.0,0.0,1074.0,12.0,260.0,436.0,5.0,,45.0,0.0,11.0,0.0
Wilbert Montgomery,PHI,RB,27.0,289.29999999999995,15.0,15.0,0.0,0.0,0.0,1402.0,8.0,286.0,521.0,2.0,,49.0,0.0,6.0,0.0
Steve Watson,DEN,WR,24.0,263.0,16.0,13.0,0.0,0.0,0.0,6.0,0.0,2.0,1244.0,13.0,,60.0,0.0,0.0,0.0
Dan Fouts,SDG,QB,30.0,277.68000000000006,16.0,16.0,4802.0,33.0,609.0,56.0,0.0,22.0,0.0,0.0,,0.0,17.0,9.0,0.0
Kellen Winslow,SDG,TE,24.0,251.5,16.0,16.0,0.0,0.0,2.0,0.0,0.0,0.0,1075.0,10.0,,88.0,0.0,2.0,0.0
Steve Largent,SEA,WR,27.0,258.1,16.0,16.0,0.0,0.0,1.0,47.0,1.0,6.0,1224.0,9.0,,75.0,0.0,2.0,0.0
Ken Anderson,CIN,QB,32.0,274.15999999999997,16.0,16.0,3754.0,29.0,479.0,320.0,1.0,46.0,0.0,0.0,,0.0,10.0,5.0,0.0
Pete Johnson,CIN,RB,27.0,273.7,16.0,16.0,0.0,0.0,0.0,1077.0,12.0,274.0,320.0,4.0,,46.0,0.0,4.0,0.0
Joe Cribbs,BUF,RB,23.0,250.36,15.0,15.0,9.0,1.0,1.0,1097.0,3.0,257.0,603.0,7.0,,40.0,0.0,12.0,0.0
Tony Dorsett,DAL,RB,27.0,245.10000000000002,16.0,16.0,0.0,0.0,0.0,1646.0,4.0,342.0,325.0,2.0,,32.0,0.0,10.0,0.0
Ottis Anderson,STL,RB,24.0,255.3,16.0,16.0,0.0,0.0,0.0,1376.0,9.0,328.0,387.0,0.0,,51.0,0.0,13.0,0.0
James Lofton,GNB,WR,25.0,248.4,16.0,16.0,0.0,0.0,0.0,0.0,0.0,0.0,1294.0,8.0,,71.0,0.0,0.0,0.0
Ted Brown,MIN,RB,24.0,298.7,16.0,16.0,0.0,0.0,1.0,1063.0,6.0,274.0,694.0,2.0,,83.0,1.0,3.0,0.0
Kevin House,TAM,WR,24.0,224.5,16.0,16.0,0.0,0.0,1.0,9.0,0.0,2.0,1176.0,9.0,,56.0,0.0,2.0,0.0
Joe Senser,MIN,TE,25.0,221.6,16.0,16.0,0.0,0.0,0.0,2.0,0.0,1.0,1004.0,8.0,,79.0,0.0,3.0,0.0
Earl Campbell,HOU,RB,26.0,229.2,16.0,16.0,0.0,0.0,0.0,1376.0,10.0,361.0,156.0,0.0,,36.0,0.0,10.0,0.0
Charlie Joiner,SDG,WR,34.0,226.8,16.0,16.0,0.0,0.0,0.0,0.0,0.0,0.0,1188.0,7.0,,70.0,0.0,2.0,0.0
Ozzie Newsome,CLE,TE,25.0,207.2,16.0,16.0,0.0,0.0,0.0,20.0,0.0,2.0,1002.0,6.0,,69.0,0.0,0.0,0.0
Walter Payton,CHI,RB,27.0,231.10000000000002,16.0,16.0,0.0,0.0,2.0,1222.0,6.0,339.0,379.0,2.0,,41.0,0.0,9.0,0.0
Mike Pruitt,CLE,RB,27.0,255.5,16.0,16.0,0.0,0.0,0.0,1103.0,7.0,247.0,442.0,1.0,,63.0,0.0,5.0,0.0
Freddie Solomon,SFO,WR,28.0,203.20000000000002,15.0,15.0,25.0,0.0,1.0,43.0,0.0,9.0,969.0,8.0,,59.0,0.0,3.0,0.0
Wes Chandler,2TM,WR,25.0,217.1,16.0,15.0,0.0,0.0,2.0,-1.0,0.0,5.0,1142.0,6.0,,69.0,0.0,1.0,0.0
Cris Collinsworth,CIN,WR,22.0,209.9,16.0,16.0,0.0,0.0,0.0,0.0,0.0,0.0,1009.0,8.0,,67.0,0.0,3.0,0.0
Frank Lewis,BUF,WR,34.0,216.4,16.0,16.0,0.0,0.0,0.0,0.0,0.0,0.0,1244.0,4.0,,70.0,0.0,1.0,0.0
Dan Ross,CIN,TE,24.0,186.0,16.0,16.0,0.0,0.0,0.0,0.0,0.0,0.0,910.0,5.0,,71.0,0.0,3.0,0.0
Joe Washington,WAS,RB,28.0,244.67999999999995,14.0,13.0,32.0,0.0,2.0,916.0,4.0,210.0,558.0,3.0,,70.0,0.0,8.0,0.0
John Stallworth,PIT,WR,29.0,196.5,16.0,16.0,0.0,0.0,0.0,17.0,0.0,1.0,1098.0,5.0,,63.0,0.0,4.0,0.0
Stanley Morgan,NWE,WR,26.0,181.0,13.0,13.0,0.0,0.0,0.0,21.0,0.0,2.0,1029.0,6.0,,44.0,0.0,2.0,0.0
Harold Carmichael,PHI,WR,32.0,193.9,16.0,16.0,0.0,0.0,0.0,1.0,0.0,1.0,1028.0,6.0,,61.0,0.0,3.0,0.0
Don Hasselbeck,NWE,TE,26.0,158.8,14.0,14.0,0.0,0.0,0.0,0.0,0.0,0.0,808.0,6.0,,46.0,0.0,2.0,0.0
Doug Williams,TAM,QB,26.0,217.42000000000002,16.0,16.0,3563.0,19.0,471.0,209.0,4.0,48.0,0.0,0.0,,0.0,14.0,9.0,0.0
Dwight Clark,SFO,WR,24.0,222.7,16.0,16.0,0.0,0.0,1.0,32.0,0.0,3.0,1105.0,4.0,,85.0,0.0,0.0,0.0
Ray Butler,BAL,WR,25.0,183.2,16.0,16.0,0.0,0.0,0.0,0.0,0.0,0.0,832.0,9.0,,46.0,0.0,0.0,0.0
Jimmie Giles,TAM,TE,27.0,159.6,16.0,16.0,0.0,0.0,0.0,0.0,0.0,0.0,786.0,6.0,,45.0,0.0,0.0,0.0
Freddie Scott,DET,WR,29.0,187.7,16.0,15.0,0.0,0.0,1.0,25.0,0.0,7.0,1022.0,5.0,,53.0,0.0,0.0,0.0
Jerry Butler,BUF,WR,24.0,183.29999999999998,16.0,16.0,0.0,0.0,0.0,1.0,0.0,1.0,842.0,8.0,,55.0,0.0,2.0,0.0
Wesley Walker,NYJ,WR,26.0,178.0,13.0,13.0,0.0,0.0,0.0,0.0,0.0,0.0,770.0,9.0,,47.0,0.0,0.0,0.0
Curtis Dickey,BAL,RB,25.0,200.8,15.0,15.0,0.0,0.0,0.0,779.0,7.0,164.0,419.0,3.0,,37.0,0.0,8.0,0.0
Ahmad Rashad,MIN,WR,32.0,186.4,16.0,15.0,0.0,0.0,0.0,0.0,0.0,0.0,884.0,7.0,,58.0,0.0,1.0,0.0
Steve Bartkowski,ATL,QB,29.0,219.35999999999996,16.0,16.0,3829.0,30.0,533.0,2.0,0.0,11.0,0.0,0.0,,0.0,23.0,4.0,0.0
Gerry Ellis,GNB,RB,24.0,233.82,16.0,16.0,23.0,0.0,2.0,860.0,4.0,196.0,499.0,3.0,,65.0,0.0,5.0,0.0
Franco Harris,PIT,RB,31.0,202.7,16.0,16.0,0.0,0.0,0.0,987.0,8.0,242.0,250.0,1.0,,37.0,0.0,6.0,0.0
Dave Casper,HOU,TE,29.0,138.2,16.0,11.0,0.0,0.0,0.0,0.0,0.0,0.0,572.0,8.0,,33.0,0.0,0.0,0.0
Art Monk,WAS,WR,24.0,180.9,16.0,16.0,0.0,0.0,0.0,-5.0,0.0,1.0,894.0,6.0,,56.0,0.0,0.0,0.0
Tony Nathan,MIA,RB,25.0,217.4,13.0,11.0,0.0,0.0,1.0,782.0,5.0,147.0,452.0,3.0,,50.0,0.0,2.0,0.0
Pat Tilley,STL,WR,28.0,186.0,16.0,16.0,0.0,0.0,0.0,0.0,0.0,0.0,1040.0,3.0,,66.0,0.0,1.0,0.0
Johnny Perkins,NYG,WR,28.0,168.70000000000002,16.0,14.0,0.0,0.0,0.0,-1.0,0.0,2.0,858.0,6.0,,51.0,0.0,2.0,0.0
Richard Todd,NYJ,QB,28.0,207.44,16.0,16.0,3231.0,25.0,497.0,131.0,0.0,32.0,1.0,0.0,,1.0,13.0,5.0,0.0
Ron Springs,DAL,RB,25.0,208.4,16.0,13.0,0.0,0.0,1.0,625.0,10.0,172.0,359.0,2.0,,46.0,1.0,3.0,0.0
Tony Hill,DAL,WR,25.0,163.0,16.0,9.0,0.0,0.0,0.0,-3.0,0.0,1.0,953.0,4.0,,46.0,0.0,1.0,0.0
Joe Montana,SFO,QB,25.0,212.1,16.0,16.0,3565.0,19.0,488.0,95.0,2.0,25.0,0.0,0.0,,0.0,12.0,2.0,0.0
Sammy White,MIN,WR,27.0,182.0,16.0,16.0,0.0,0.0,0.0,-1.0,0.0,2.0,1001.0,3.0,,66.0,0.0,1.0,0.0
Tommy Kramer,MIN,QB,26.0,197.78000000000003,14.0,14.0,3912.0,26.0,593.0,13.0,0.0,10.0,0.0,0.0,,0.0,24.0,8.0,0.0
Paul Coffman,GNB,TE,25.0,145.7,16.0,16.0,0.0,0.0,0.0,0.0,0.0,0.0,687.0,4.0,,55.0,0.0,1.0,0.0
Joe Ferguson,BUF,QB,31.0,206.98000000000002,16.0,16.0,3652.0,24.0,498.0,29.0,1.0,20.0,0.0,0.0,,0.0,20.0,2.0,0.0
Jerome Barkum,NYJ,TE,31.0,130.5,16.0,16.0,0.0,0.0,0.0,0.0,0.0,0.0,495.0,7.0,,39.0,0.0,0.0,0.0
Derrick Ramsey,OAK,TE,25.0,139.4,16.0,12.0,0.0,0.0,0.0,0.0,0.0,0.0,674.0,4.0,,52.0,0.0,2.0,0.0
Joe Theismann,WAS,QB,32.0,194.42,16.0,16.0,3568.0,19.0,496.0,177.0,2.0,36.0,0.0,0.0,,0.0,20.0,7.0,0.0
Preston Dennard,RAM,WR,26.0,156.0,15.0,15.0,0.0,0.0,0.0,29.0,0.0,6.0,821.0,4.0,,49.0,0.0,1.0,0.0
Ken Burrough,HOU,WR,33.0,146.8,16.0,16.0,0.0,0.0,0.0,0.0,0.0,0.0,668.0,7.0,,40.0,0.0,1.0,0.0
Roy Green,STL,WR,24.0,135.8,16.0,2.0,0.0,0.0,0.0,60.0,1.0,3.0,708.0,4.0,,33.0,0.0,2.0,0.0
Terry Bradshaw,PIT,QB,33.0,189.68,14.0,14.0,2887.0,22.0,370.0,162.0,2.0,38.0,0.0,0.0,,0.0,14.0,7.0,0.0
John Riggins,WAS,RB,32.0,159.3,15.0,4.0,0.0,0.0,0.0,714.0,13.0,195.0,59.0,0.0,,6.0,0.0,1.0,0.0
Joe Delaney,KAN,RB,23.0,158.7,15.0,10.0,0.0,0.0,0.0,1121.0,3.0,234.0,246.0,0.0,,22.0,0.0,9.0,0.0
Riley Odoms,DEN,TE,31.0,117.6,15.0,15.0,0.0,0.0,0.0,0.0,0.0,0.0,516.0,5.0,,38.0,0.0,1.0,0.0
Tony Collins,NWE,RB,22.0,162.5,16.0,11.0,0.0,0.0,1.0,873.0,7.0,204.0,232.0,0.0,,26.0,0.0,8.0,0.0
Duriel Harris,MIA,WR,27.0,156.1,15.0,12.0,0.0,0.0,0.0,0.0,0.0,0.0,911.0,2.0,,53.0,0.0,0.0,0.0
Jim Smith,PIT,WR,26.0,127.6,15.0,3.0,0.0,0.0,0.0,15.0,0.0,1.0,571.0,7.0,,29.0,0.0,1.0,0.0
Danny White,DAL,QB,29.0,168.32000000000002,16.0,15.0,3098.0,22.0,391.0,104.0,0.0,38.0,0.0,0.0,,0.0,13.0,14.0,0.0
Bennie Cunningham,PIT,TE,27.0,116.4,15.0,15.0,0.0,0.0,0.0,0.0,0.0,0.0,574.0,3.0,,41.0,0.0,0.0,0.0
Rob Carpenter,2TM,RB,26.0,177.3,14.0,13.0,0.0,0.0,0.0,822.0,5.0,208.0,281.0,1.0,,37.0,0.0,3.0,0.0
Marvin Sims,BAL,0,24.0,0.0,16.0,0.0,0.0,0.0,0.0,0.0,0.0,0.0,0.0,0.0,,0.0,0.0,0.0,0.0
J.T. Smith,KAN,WR,26.0,156.2,16.0,15.0,0.0,0.0,0.0,0.0,0.0,0.0,852.0,2.0,,63.0,0.0,2.0,0.0
Brian Sipe,CLE,QB,32.0,174.34,16.0,16.0,3876.0,17.0,567.0,153.0,1.0,38.0,0.0,0.0,,0.0,25.0,10.0,0.0
Ron Jaworski,PHI,QB,30.0,182.60000000000002,16.0,16.0,3095.0,23.0,461.0,128.0,0.0,22.0,0.0,0.0,,0.0,20.0,3.0,0.0
Craig Morton,DEN,QB,38.0,181.60000000000002,15.0,15.0,3195.0,21.0,376.0,18.0,0.0,8.0,0.0,0.0,,0.0,14.0,2.0,0.0
Eric Hipple,DET,QB,24.0,151.12,16.0,10.0,2358.0,14.0,279.0,168.0,7.0,41.0,0.0,0.0,,0.0,15.0,14.0,0.0
Bert Jones,BAL,QB,30.0,170.26,15.0,15.0,3094.0,21.0,426.0,85.0,0.0,20.0,0.0,0.0,,0.0,20.0,3.0,0.0
David Woodley,MIA,QB,23.0,154.0,15.0,15.0,2470.0,12.0,366.0,272.0,4.0,63.0,0.0,0.0,,0.0,13.0,9.0,0.0
Jim Zorn,SEA,QB,28.0,161.51999999999998,13.0,13.0,2788.0,13.0,397.0,140.0,1.0,30.0,0.0,0.0,,0.0,9.0,2.0,0.0
Lynn Dickey,GNB,QB,32.0,126.32,13.0,13.0,2593.0,17.0,354.0,6.0,0.0,19.0,0.0,0.0,,0.0,15.0,8.0,0.0
Theotis Brown,2TM,RB,24.0,152.1,14.0,10.0,0.0,0.0,0.0,583.0,8.0,156.0,328.0,0.0,,29.0,0.0,8.0,0.0
Vince Evans,CHI,QB,26.0,111.95999999999998,16.0,16.0,2354.0,11.0,436.0,218.0,3.0,43.0,0.0,0.0,,0.0,20.0,13.0,0.0
Marc Wilson,OAK,QB,24.0,121.13999999999999,13.0,9.0,2311.0,14.0,366.0,147.0,2.0,30.0,0.0,0.0,,0.0,19.0,8.0,0.0
Dave Preston,DEN,RB,26.0,176.7,16.0,14.0,0.0,0.0,0.0,640.0,3.0,183.0,507.0,0.0,,52.0,0.0,4.0,0.0
Lynn Cain,ATL,RB,26.0,181.3,16.0,16.0,0.0,0.0,0.0,542.0,4.0,156.0,421.0,2.0,,55.0,0.0,3.0,0.0
Randy McMillan,BAL,RB,23.0,178.3,16.0,16.0,0.0,0.0,0.0,597.0,3.0,149.0,466.0,1.0,,50.0,0.0,1.0,0.0
James Brooks,SDG,RB,23.0,153.4,14.0,2.0,0.0,0.0,0.0,525.0,3.0,109.0,329.0,3.0,,46.0,0.0,7.0,0.0
Andra Franklin,MIA,RB,22.0,112.69999999999999,16.0,11.0,0.0,0.0,0.0,711.0,7.0,201.0,6.0,1.0,,3.0,0.0,5.0,0.0
James Wilder,TAM,RB,23.0,159.7,16.0,16.0,0.0,0.0,0.0,370.0,4.0,107.0,507.0,1.0,,48.0,0.0,3.0,0.0
Bruce Harper,NYJ,RB,26.0,153.2,16.0,7.0,0.0,0.0,0.0,393.0,4.0,81.0,459.0,1.0,,52.0,0.0,7.0,0.0
Rick Parros,DEN,RB,23.0,127.5,16.0,16.0,0.0,0.0,0.0,749.0,2.0,176.0,216.0,1.0,,25.0,0.0,6.0,0.0
Phil Simms,NYG,QB,26.0,97.44,10.0,10.0,2031.0,11.0,316.0,42.0,0.0,19.0,0.0,0.0,,0.0,9.0,7.0,0.0
Billy Jackson,KAN,RB,22.0,112.9,16.0,1.0,0.0,0.0,0.0,398.0,10.0,111.0,31.0,1.0,,6.0,0.0,1.0,0.0
Harlan Huckleby,GNB,RB,24.0,129.2,16.0,12.0,0.0,0.0,0.0,381.0,5.0,139.0,221.0,3.0,,27.0,0.0,3.0,0.0
Kenny King,OAK,RB,24.0,111.4,14.0,14.0,0.0,0.0,0.0,828.0,0.0,170.0,216.0,0.0,,27.0,0.0,10.0,0.0
Ricky Patton,SFO,RB,27.0,124.80000000000001,16.0,15.0,0.0,0.0,0.0,543.0,4.0,152.0,195.0,1.0,,27.0,0.0,3.0,0.0
Greg Pruitt,CLE,RB,30.0,159.0,15.0,6.0,0.0,0.0,0.0,124.0,0.0,31.0,636.0,4.0,,65.0,0.0,3.0,0.0
Ken Stabler,HOU,QB,36.0,85.21999999999998,13.0,12.0,1988.0,14.0,285.0,-3.0,0.0,10.0,0.0,0.0,,0.0,18.0,7.0,0.0
Jerry Eckwood,TAM,RB,27.0,116.39999999999999,16.0,12.0,0.0,0.0,0.0,651.0,2.0,172.0,213.0,0.0,,24.0,0.0,3.0,0.0
James Hadnot,KAN,RB,24.0,112.8,16.0,15.0,0.0,0.0,1.0,603.0,3.0,140.0,215.0,0.0,,23.0,1.0,4.0,0.0
Bill Kenney,KAN,QB,26.0,90.22,13.0,13.0,1983.0,9.0,274.0,89.0,1.0,24.0,0.0,0.0,,0.0,16.0,4.0,0.0
Alfred Jackson,ATL,WR,26.0,133.9,16.0,0.0,0.0,0.0,0.0,5.0,0.0,2.0,604.0,6.0,,37.0,0.0,0.0,0.0
Derrick Jensen,OAK,RB,25.0,124.7,16.0,13.0,0.0,0.0,0.0,456.0,4.0,117.0,271.0,0.0,,28.0,0.0,0.0,0.0
Freeman McNeil,NYJ,RB,22.0,105.4,11.0,6.0,0.0,0.0,0.0,623.0,2.0,137.0,171.0,1.0,,18.0,0.0,5.0,0.0
Pat Haden,RAM,QB,28.0,83.0,13.0,11.0,1815.0,9.0,267.0,104.0,0.0,18.0,0.0,0.0,,0.0,13.0,5.0,0.0
Henry Marshall,KAN,WR,27.0,124.9,12.0,12.0,0.0,0.0,1.0,69.0,0.0,3.0,620.0,4.0,,38.0,1.0,2.0,0.0
Steve Grogan,NWE,QB,28.0,81.96000000000001,8.0,7.0,1859.0,7.0,216.0,49.0,2.0,12.0,27.0,0.0,,2.0,16.0,5.0,0.0
Drew Pearson,DAL,WR,30.0,119.74,16.0,15.0,81.0,1.0,2.0,31.0,0.0,3.0,614.0,3.0,,38.0,0.0,4.0,0.0
Sherman Smith,SEA,RB,27.0,127.89999999999998,16.0,8.0,0.0,0.0,0.0,253.0,3.0,83.0,406.0,1.0,,44.0,0.0,3.0,0.0
John Jefferson,GNB,WR,25.0,128.4,13.0,13.0,0.0,0.0,0.0,22.0,0.0,2.0,632.0,4.0,,39.0,0.0,0.0,0.0
Wayne Morris,STL,RB,27.0,107.2,16.0,13.0,0.0,0.0,0.0,417.0,5.0,109.0,165.0,0.0,,19.0,0.0,0.0,0.0
Matt Cavanaugh,NWE,QB,25.0,84.41999999999999,16.0,8.0,1633.0,5.0,219.0,92.0,3.0,17.0,9.0,0.0,,1.0,13.0,2.0,0.0
Earl Cooper,SFO,RB,24.0,131.7,16.0,11.0,0.0,0.0,0.0,330.0,1.0,98.0,477.0,0.0,,51.0,0.0,3.0,0.0
Matt Suhey,CHI,RB,23.0,113.9,15.0,14.0,0.0,0.0,0.0,521.0,3.0,150.0,168.0,0.0,,33.0,0.0,3.0,0.0
Leonard Thompson,DET,WR,29.0,114.5,16.0,16.0,0.0,0.0,0.0,75.0,1.0,10.0,550.0,3.0,,30.0,0.0,1.0,0.0
Mike Guman,RAM,RB,23.0,98.58,16.0,4.0,7.0,1.0,1.0,433.0,4.0,115.0,130.0,0.0,,18.0,0.0,2.0,0.0
Butch Johnson,DAL,WR,27.0,110.2,16.0,7.0,0.0,0.0,0.0,0.0,0.0,0.0,552.0,5.0,,25.0,0.0,0.0,0.0
Steve Kreider,CIN,WR,23.0,117.62,16.0,1.0,13.0,0.0,3.0,21.0,0.0,1.0,520.0,5.0,,37.0,0.0,2.0,0.0
Frank Pollard,PIT,RB,24.0,93.6,14.0,10.0,0.0,0.0,0.0,570.0,2.0,123.0,156.0,0.0,,19.0,0.0,5.0,0.0
Dan Doornink,SEA,RB,25.0,105.4,15.0,8.0,0.0,0.0,0.0,194.0,1.0,65.0,350.0,4.0,,27.0,0.0,3.0,0.0
Jim Hart,STL,QB,37.0,75.96000000000001,10.0,9.0,1694.0,11.0,241.0,2.0,0.0,3.0,0.0,0.0,,0.0,14.0,4.0,0.0
Ricky Feacher,CLE,WR,27.0,112.30000000000001,16.0,7.0,0.0,0.0,0.0,-1.0,0.0,1.0,654.0,3.0,,29.0,0.0,0.0,0.0
Wayne Wilson,NOR,RB,24.0,111.10000000000001,16.0,0.0,0.0,0.0,0.0,137.0,1.0,44.0,384.0,4.0,,31.0,0.0,1.0,0.0
Jimmy Cefalo,MIA,WR,25.0,110.1,16.0,6.0,0.0,0.0,0.0,0.0,0.0,0.0,631.0,3.0,,29.0,0.0,0.0,0.0
Neil Lomax,STL,QB,22.0,69.4,14.0,7.0,1575.0,4.0,236.0,104.0,2.0,19.0,0.0,0.0,,0.0,10.0,6.0,0.0
Charlie Smith,PHI,WR,31.0,114.9,16.0,14.0,0.0,0.0,0.0,5.0,0.0,2.0,564.0,4.0,,38.0,0.0,2.0,0.0
Lynn Swann,PIT,WR,29.0,112.5,13.0,12.0,0.0,0.0,0.0,0.0,0.0,0.0,505.0,5.0,,34.0,0.0,1.0,0.0
Rick Upchurch,DEN,WR,29.0,110.6,13.0,10.0,0.0,0.0,0.0,56.0,0.0,5.0,550.0,3.0,,32.0,0.0,0.0,0.0
Roosevelt Leaks,BUF,RB,28.0,81.80000000000001,16.0,5.0,0.0,0.0,1.0,357.0,6.0,91.0,51.0,0.0,,7.0,0.0,1.0,0.0
Roger Carr,BAL,WR,29.0,114.4,15.0,15.0,0.0,0.0,0.0,0.0,0.0,0.0,584.0,3.0,,38.0,0.0,0.0,0.0
Brian Baschnagel,CHI,WR,27.0,105.12,16.0,15.0,18.0,0.0,1.0,10.0,0.0,1.0,554.0,3.0,,34.0,0.0,2.0,0.0
Wallace Francis,ATL,WR,30.0,102.89999999999999,16.0,16.0,0.0,0.0,0.0,8.0,1.0,1.0,441.0,4.0,,30.0,0.0,1.0,0.0
Sam McCullum,SEA,WR,29.0,118.7,16.0,14.0,0.0,0.0,0.0,0.0,0.0,0.0,567.0,3.0,,46.0,0.0,1.0,0.0
Dave Logan,CLE,WR,27.0,104.7,14.0,14.0,0.0,0.0,0.0,0.0,0.0,0.0,497.0,4.0,,31.0,0.0,0.0,0.0
Charles Alexander,CIN,RB,24.0,101.4,15.0,14.0,0.0,0.0,0.0,292.0,2.0,98.0,262.0,1.0,,28.0,0.0,0.0,0.0
Isaac Curtis,CIN,WR,31.0,107.9,15.0,14.0,0.0,0.0,0.0,0.0,0.0,0.0,609.0,2.0,,37.0,0.0,1.0,0.0
James Owens,TAM,RB,26.0,83.1,16.0,1.0,0.0,0.0,0.0,406.0,3.0,91.0,145.0,0.0,,12.0,0.0,1.0,0.0
Johnny Davis,SFO,RB,25.0,72.6,16.0,5.0,0.0,0.0,0.0,297.0,7.0,94.0,-1.0,0.0,,3.0,0.0,1.0,0.0
Andy Johnson,NWE,RB,29.0,107.75999999999999,16.0,0.0,194.0,4.0,9.0,1.0,0.0,2.0,429.0,1.0,,39.0,1.0,1.0,0.0
Cliff Branch,OAK,WR,33.0,110.5,16.0,15.0,0.0,0.0,0.0,0.0,0.0,0.0,635.0,1.0,,41.0,0.0,0.0,0.0
Bob Chandler,OAK,WR,32.0,91.8,11.0,7.0,0.0,0.0,0.0,0.0,0.0,0.0,458.0,4.0,,26.0,0.0,2.0,0.0
David Hill,DET,TE,27.0,101.2,15.0,15.0,0.0,0.0,0.0,0.0,0.0,0.0,462.0,4.0,,33.0,0.0,1.0,0.0
Charle Young,SFO,TE,30.0,107.0,16.0,16.0,0.0,0.0,0.0,0.0,0.0,0.0,400.0,5.0,,37.0,0.0,0.0,0.0
Roland Hooks,BUF,RB,28.0,77.0,16.0,1.0,0.0,0.0,0.0,250.0,3.0,51.0,140.0,2.0,,10.0,0.0,1.0,0.0
Rick Kane,DET,RB,27.0,82.30000000000001,16.0,2.0,0.0,0.0,0.0,332.0,2.0,77.0,181.0,1.0,,17.0,0.0,2.0,0.0
Billy Campfield,PHI,RB,25.0,98.1,16.0,0.0,0.0,0.0,0.0,115.0,1.0,31.0,326.0,3.0,,36.0,0.0,3.0,0.0
John Cappelletti,SDG,RB,29.0,72.0,16.0,6.0,0.0,0.0,0.0,254.0,4.0,68.0,126.0,1.0,,10.0,0.0,3.0,0.0
Scott Dierking,NYJ,RB,26.0,89.6,16.0,4.0,0.0,0.0,0.0,328.0,1.0,74.0,228.0,1.0,,26.0,0.0,2.0,0.0
Cullen Bryant,RAM,RB,30.0,85.6,13.0,12.0,0.0,0.0,0.0,436.0,1.0,109.0,160.0,0.0,,22.0,0.0,1.0,0.0
Harold Jackson,NWE,WR,35.0,102.5,16.0,15.0,0.0,0.0,1.0,-14.0,0.0,2.0,669.0,0.0,,39.0,0.0,1.0,0.0
Ken Margerum,CHI,WR,23.0,104.5,16.0,7.0,0.0,0.0,0.0,11.0,0.0,1.0,584.0,1.0,,39.0,0.0,0.0,0.0
Terry Metcalf,WAS,RB,30.0,101.5,16.0,2.0,0.0,0.0,0.0,60.0,0.0,18.0,595.0,0.0,,48.0,0.0,6.0,0.0
Ricky Thompson,WAS,WR,27.0,94.3,16.0,5.0,0.0,0.0,0.0,0.0,0.0,0.0,423.0,4.0,,28.0,0.0,0.0,0.0
Virgil Seay,WAS,WR,23.0,91.2,16.0,7.0,0.0,0.0,0.0,0.0,0.0,0.0,472.0,3.0,,26.0,0.0,0.0,0.0
Rickey Watts,CHI,WR,24.0,85.5,12.0,9.0,0.0,0.0,0.0,0.0,0.0,0.0,465.0,3.0,,27.0,0.0,3.0,0.0
Kevin Long,NYJ,RB,26.0,72.5,16.0,0.0,0.0,0.0,0.0,269.0,2.0,73.0,66.0,3.0,,13.0,0.0,2.0,0.0
Dave Krieg,SEA,QB,23.0,55.32,7.0,3.0,843.0,7.0,112.0,56.0,1.0,11.0,0.0,0.0,,0.0,5.0,4.0,0.0
Gary Shirk,NYG,TE,31.0,102.5,16.0,14.0,0.0,0.0,0.0,0.0,0.0,0.0,445.0,3.0,,42.0,0.0,1.0,0.0
Charles White,CLE,RB,23.0,73.1,16.0,9.0,0.0,0.0,0.0,342.0,1.0,97.0,219.0,0.0,,27.0,0.0,8.0,0.0
Arthur Whittington,OAK,RB,26.0,76.3,16.0,2.0,0.0,0.0,0.0,220.0,1.0,69.0,213.0,2.0,,23.0,0.0,4.0,0.0
David Whitehurst,GNB,QB,26.0,52.78,9.0,3.0,792.0,7.0,128.0,51.0,1.0,15.0,0.0,0.0,,0.0,5.0,4.0,0.0
Sam Cunningham,NWE,RB,31.0,68.1,11.0,8.0,0.0,0.0,0.0,269.0,4.0,86.0,92.0,0.0,,12.0,0.0,2.0,0.0
Terry LeCount,MIN,WR,25.0,83.6,16.0,2.0,0.0,0.0,0.0,51.0,0.0,3.0,425.0,2.0,,24.0,0.0,0.0,0.0
Archie Manning,NOR,QB,32.0,52.67999999999999,12.0,11.0,1447.0,5.0,232.0,28.0,0.0,2.0,0.0,0.0,,0.0,11.0,3.0,0.0
Reggie Rucker,CLE,WR,34.0,86.2,14.0,11.0,0.0,0.0,0.0,0.0,0.0,0.0,532.0,1.0,,27.0,0.0,0.0,0.0
Mark Malone,PIT,QB,23.0,54.92,8.0,3.0,553.0,3.0,88.0,68.0,2.0,16.0,90.0,1.0,,1.0,5.0,2.0,0.0
Junior Miller,ATL,TE,24.0,89.8,16.0,16.0,0.0,0.0,0.0,0.0,0.0,0.0,398.0,3.0,,32.0,0.0,0.0,0.0
Nat Moore,MIA,WR,30.0,83.5,13.0,11.0,0.0,0.0,0.0,3.0,0.0,1.0,452.0,2.0,,26.0,0.0,0.0,0.0
Ted McKnight,KAN,RB,27.0,61.2,5.0,5.0,0.0,0.0,0.0,195.0,5.0,54.0,77.0,0.0,,8.0,0.0,2.0,0.0
Doug Cosbie,DAL,TE,25.0,70.8,16.0,0.0,0.0,0.0,0.0,33.0,0.0,4.0,225.0,5.0,,17.0,0.0,1.0,0.0
Vagas Ferguson,NWE,RB,24.0,57.9,13.0,5.0,0.0,0.0,0.0,340.0,3.0,78.0,39.0,0.0,,4.0,0.0,1.0,0.0
Archie Griffin,CIN,RB,27.0,76.3,16.0,2.0,0.0,0.0,0.0,163.0,3.0,47.0,160.0,1.0,,20.0,0.0,0.0,0.0
Drew Hill,RAM,WR,25.0,68.9,16.0,2.0,0.0,0.0,0.0,14.0,0.0,1.0,355.0,3.0,,16.0,0.0,1.0,0.0
Mike Holston,HOU,WR,23.0,81.7,16.0,4.0,0.0,0.0,0.0,0.0,0.0,0.0,427.0,2.0,,27.0,0.0,0.0,0.0
Rickey Young,MIN,RB,28.0,89.5,16.0,13.0,0.0,0.0,0.0,129.0,0.0,47.0,296.0,2.0,,43.0,0.0,4.0,0.0
Mike Augustyniak,NYJ,RB,25.0,66.3,10.0,8.0,0.0,0.0,0.0,339.0,1.0,85.0,144.0,0.0,,18.0,0.0,3.0,0.0
Dexter Bussey,DET,RB,29.0,65.8,16.0,15.0,0.0,0.0,0.0,446.0,0.0,105.0,92.0,0.0,,18.0,0.0,3.0,0.0
Steve Fuller,KAN,QB,24.0,45.16,13.0,3.0,934.0,3.0,134.0,118.0,0.0,19.0,0.0,0.0,,0.0,4.0,4.0,0.0
Guido Merkens,NOR,WR,26.0,79.5,16.0,11.0,20.0,0.0,2.0,-1.0,0.0,2.0,458.0,1.0,,29.0,0.0,1.0,0.0
Jack Holmes,NOR,RB,28.0,90.0,16.0,15.0,0.0,0.0,0.0,194.0,2.0,58.0,206.0,0.0,,38.0,0.0,0.0,0.0
David Hughes,SEA,RB,22.0,78.8,16.0,2.0,0.0,0.0,0.0,135.0,0.0,47.0,263.0,2.0,,35.0,0.0,4.0,0.0
Lam Jones,NYJ,WR,23.0,68.2,15.0,3.0,0.0,0.0,0.0,0.0,0.0,2.0,342.0,3.0,,20.0,0.0,2.0,0.0
Sidney Thornton,PIT,RB,27.0,48.0,16.0,6.0,0.0,0.0,0.0,202.0,4.0,56.0,78.0,0.0,,8.0,0.0,6.0,0.0
Zachary Dixon,BAL,RB,25.0,66.4,16.0,1.0,0.0,0.0,0.0,285.0,0.0,73.0,169.0,1.0,,17.0,0.0,1.0,0.0
Keith Krepfle,PHI,TE,29.0,71.0,16.0,16.0,0.0,0.0,0.0,0.0,0.0,0.0,210.0,5.0,,20.0,0.0,0.0,0.0
Mike Renfro,HOU,WR,26.0,86.1,12.0,12.0,0.0,0.0,0.0,0.0,0.0,0.0,451.0,1.0,,39.0,0.0,2.0,0.0
Mosi Tatupu,NWE,RB,26.0,59.3,16.0,1.0,0.0,0.0,0.0,201.0,2.0,38.0,132.0,1.0,,12.0,0.0,2.0,0.0
Mark Brammer,BUF,TE,23.0,77.2,16.0,16.0,0.0,0.0,0.0,17.0,0.0,2.0,365.0,2.0,,33.0,0.0,3.0,0.0
Paul Hofer,SFO,RB,29.0,74.7,12.0,0.0,0.0,0.0,0.0,193.0,1.0,60.0,244.0,0.0,,27.0,0.0,1.0,0.0
Don McCauley,BAL,RB,32.0,86.4,16.0,0.0,0.0,0.0,0.0,37.0,0.0,10.0,347.0,2.0,,36.0,0.0,0.0,0.0
Jim Plunkett,OAK,QB,34.0,43.599999999999994,9.0,7.0,1045.0,4.0,179.0,38.0,1.0,12.0,0.0,0.0,,0.0,9.0,3.0,0.0
Dwight Scales,SDG,WR,28.0,65.9,16.0,4.0,0.0,0.0,0.0,0.0,0.0,0.0,429.0,1.0,,19.0,0.0,1.0,0.0
Adger Armstrong,HOU,RB,24.0,73.39999999999999,16.0,2.0,0.0,0.0,0.0,146.0,0.0,31.0,278.0,1.0,,29.0,0.0,2.0,0.0
Morris Bradshaw,OAK,WR,29.0,69.8,15.0,8.0,0.0,0.0,0.0,0.0,0.0,0.0,298.0,3.0,,22.0,0.0,0.0,0.0
Gary Danielson,DET,QB,30.0,43.66,6.0,4.0,784.0,3.0,96.0,23.0,2.0,9.0,0.0,0.0,,0.0,5.0,2.0,0.0
Steve DeBerg,DEN,QB,27.0,43.879999999999995,14.0,1.0,797.0,6.0,108.0,40.0,0.0,9.0,0.0,0.0,,0.0,6.0,2.0,0.0
Earnest Gray,NYG,WR,24.0,68.0,16.0,3.0,0.0,0.0,0.0,0.0,0.0,0.0,360.0,2.0,,22.0,0.0,1.0,0.0
Al Dixon,KAN,TE,27.0,76.1,16.0,13.0,0.0,0.0,0.0,-5.0,0.0,1.0,356.0,2.0,,29.0,0.0,0.0,0.0
Jeff Groth,NOR,WR,24.0,66.7,15.0,13.0,0.0,0.0,0.0,27.0,0.0,2.0,380.0,1.0,,20.0,0.0,0.0,0.0
Tony Galbreath,MIN,RB,27.0,60.2,14.0,1.0,0.0,0.0,0.0,198.0,2.0,42.0,144.0,0.0,,18.0,0.0,2.0,0.0
Leon Perry,NYG,RB,24.0,50.7,16.0,8.0,0.0,0.0,0.0,257.0,0.0,72.0,140.0,1.0,,13.0,0.0,4.0,0.0
Eric Sievers,SDG,TE,24.0,65.6,16.0,10.0,0.0,0.0,0.0,0.0,0.0,0.0,276.0,3.0,,22.0,0.0,1.0,0.0
Billy Waddy,RAM,WR,27.0,73.0,15.0,14.0,0.0,0.0,0.0,0.0,0.0,0.0,460.0,0.0,,31.0,0.0,2.0,0.0
Theo Bell,TAM,WR,28.0,63.5,16.0,9.0,0.0,0.0,0.0,7.0,0.0,1.0,318.0,2.0,,21.0,0.0,1.0,0.0
Rob Lytle,DEN,RB,27.0,49.3,16.0,0.0,0.0,0.0,0.0,106.0,4.0,30.0,47.0,1.0,,6.0,0.0,1.0,0.0
Tony Reed,DEN,RB,26.0,77.3,15.0,0.0,0.0,0.0,1.0,156.0,0.0,68.0,317.0,0.0,,34.0,1.0,1.0,0.0
Joe Rose,MIA,TE,24.0,66.6,16.0,0.0,0.0,0.0,0.0,0.0,0.0,0.0,316.0,2.0,,23.0,0.0,0.0,0.0
Mel Gray,STL,WR,33.0,70.4,12.0,12.0,0.0,0.0,0.0,4.0,0.0,1.0,310.0,2.0,,27.0,0.0,0.0,0.0
Reese McCall,BAL,TE,25.0,64.4,16.0,14.0,0.0,0.0,0.0,0.0,0.0,0.0,314.0,2.0,,21.0,0.0,0.0,0.0
Gifford Nielsen,HOU,QB,27.0,36.56,5.0,2.0,709.0,5.0,93.0,2.0,0.0,6.0,0.0,0.0,,0.0,3.0,3.0,0.0
Hubie Oliver,PHI,RB,24.0,50.599999999999994,13.0,10.0,0.0,0.0,0.0,329.0,1.0,75.0,37.0,0.0,,10.0,0.0,1.0,0.0
Cleo Miller,CLE,RB,29.0,58.4,12.0,3.0,0.0,0.0,0.0,165.0,2.0,52.0,139.0,0.0,,16.0,0.0,0.0,0.0
Tom Newton,NYJ,RB,27.0,53.8,16.0,7.0,0.0,0.0,0.0,244.0,1.0,73.0,104.0,0.0,,17.0,0.0,2.0,0.0
Don Strock,MIA,QB,31.0,41.44,16.0,1.0,901.0,6.0,130.0,-26.0,0.0,14.0,0.0,0.0,,0.0,8.0,0.0,0.0
Don Calhoun,NWE,RB,29.0,44.6,14.0,7.0,0.0,0.0,0.0,205.0,2.0,57.0,71.0,0.0,,7.0,0.0,1.0,0.0
Don Warren,WAS,TE,25.0,68.5,16.0,16.0,0.0,0.0,0.0,0.0,0.0,0.0,335.0,1.0,,29.0,0.0,0.0,0.0
Scott Brunner,NYG,QB,24.0,27.119999999999997,16.0,6.0,978.0,5.0,190.0,20.0,0.0,14.0,0.0,0.0,,0.0,11.0,6.0,0.0
Larry Canada,DEN,RB,27.0,40.0,16.0,0.0,0.0,0.0,0.0,113.0,3.0,33.0,37.0,1.0,,3.0,0.0,1.0,0.0
Marcus Anderson,CHI,WR,22.0,43.3,12.0,1.0,0.0,0.0,0.0,0.0,0.0,0.0,243.0,2.0,,9.0,0.0,1.0,0.0
Ronnie Coleman,HOU,RB,30.0,51.2,16.0,0.0,0.0,0.0,0.0,91.0,1.0,21.0,211.0,0.0,,19.0,0.0,2.0,0.0
Russell Davis,PIT,RB,25.0,34.4,16.0,0.0,0.0,0.0,0.0,270.0,1.0,47.0,34.0,0.0,,4.0,0.0,3.0,0.0
Booker Russell,PHI,RB,25.0,30.799999999999997,12.0,1.0,0.0,0.0,0.0,123.0,4.0,38.0,-5.0,0.0,,1.0,0.0,3.0,0.0
Billy Joe DuPree,DAL,TE,31.0,53.6,16.0,15.0,0.0,0.0,0.0,12.0,0.0,1.0,214.0,2.0,,19.0,0.0,0.0,0.0
Walt Easley,SFO,RB,24.0,39.8,12.0,1.0,5.0,0.0,1.0,224.0,1.0,76.0,62.0,0.0,,9.0,0.0,2.0,0.0
Larry Hardy,NOR,TE,25.0,52.5,16.0,16.0,0.0,0.0,0.0,0.0,0.0,0.0,275.0,1.0,,23.0,0.0,2.0,0.0
Eddie Hill,MIA,RB,24.0,42.46,11.0,3.0,14.0,0.0,1.0,146.0,1.0,37.0,73.0,1.0,,12.0,0.0,2.0,0.0
Gordon Jones,TAM,WR,24.0,53.6,13.0,4.0,0.0,0.0,0.0,0.0,0.0,0.0,276.0,1.0,,20.0,0.0,0.0,0.0
Walt Arnold,RAM,TE,23.0,53.2,16.0,9.0,0.0,0.0,0.0,0.0,0.0,0.0,212.0,2.0,,20.0,0.0,0.0,0.0
Curtis Brown,BUF,RB,27.0,32.2,14.0,8.0,0.0,0.0,0.0,226.0,0.0,62.0,46.0,1.0,,7.0,0.0,4.0,0.0
Terdell Middleton,GNB,RB,26.0,40.7,14.0,3.0,0.0,0.0,0.0,181.0,0.0,53.0,86.0,1.0,,12.0,0.0,2.0,0.0
Mark Nichols,DET,WR,22.0,41.2,12.0,0.0,0.0,0.0,0.0,50.0,0.0,3.0,222.0,1.0,,10.0,0.0,1.0,0.0
Mark van Eeghen,OAK,RB,29.0,40.0,8.0,3.0,0.0,0.0,0.0,150.0,2.0,39.0,60.0,0.0,,7.0,0.0,0.0,0.0
Nick Giaquinto,2TM,RB,26.0,43.699999999999996,14.0,0.0,0.0,0.0,0.0,104.0,0.0,20.0,93.0,2.0,,12.0,0.0,0.0,0.0
Toussaint Tyler,NOR,RB,22.0,46.8,16.0,0.0,0.0,0.0,0.0,183.0,0.0,36.0,135.0,0.0,,23.0,0.0,4.0,0.0
Mike Friede,NYG,WR,24.0,49.0,16.0,15.0,0.0,0.0,0.0,0.0,0.0,0.0,250.0,1.0,,18.0,0.0,0.0,0.0
Greg LaFleur,STL,TE,23.0,45.0,16.0,11.0,0.0,0.0,0.0,0.0,0.0,0.0,190.0,2.0,,14.0,0.0,0.0,0.0
Paul McDonald,CLE,QB,23.0,22.519999999999996,12.0,0.0,463.0,4.0,57.0,0.0,0.0,2.0,0.0,0.0,,0.0,2.0,4.0,0.0
Haven Moses,DEN,WR,35.0,43.6,16.0,6.0,0.0,0.0,0.0,0.0,0.0,0.0,246.0,1.0,,15.0,0.0,1.0,0.0
Vince Thompson,DET,RB,24.0,33.1,13.0,1.0,0.0,0.0,0.0,211.0,1.0,35.0,40.0,0.0,,4.0,0.0,1.0,0.0
M.L. Harris,CIN,TE,27.0,41.1,15.0,0.0,0.0,0.0,0.0,0.0,0.0,0.0,181.0,2.0,,13.0,0.0,1.0,0.0
Bobby Jones,NYJ,WR,26.0,45.9,16.0,3.0,0.0,0.0,0.0,0.0,0.0,0.0,239.0,1.0,,16.0,0.0,0.0,0.0
Horace King,DET,RB,28.0,51.2,16.0,0.0,0.0,0.0,0.0,25.0,0.0,7.0,217.0,1.0,,21.0,0.0,0.0,0.0
Ron Smith,2TM,WR,25.0,36.5,12.0,1.0,0.0,0.0,0.0,7.0,0.0,1.0,168.0,2.0,,7.0,0.0,0.0,0.0
Billy Taylor,2TM,RB,25.0,34.2,8.0,3.0,0.0,0.0,0.0,111.0,2.0,38.0,71.0,0.0,,8.0,0.0,2.0,0.0
Ron Egloff,DEN,TE,26.0,42.1,16.0,6.0,0.0,0.0,0.0,0.0,0.0,0.0,231.0,1.0,,17.0,0.0,2.0,0.0
Perry Harrington,PHI,RB,23.0,35.7,4.0,4.0,0.0,0.0,0.0,140.0,2.0,34.0,27.0,0.0,,9.0,0.0,1.0,0.0
Calvin Hill,CLE,RB,34.0,44.3,14.0,0.0,0.0,0.0,0.0,23.0,0.0,4.0,150.0,2.0,,17.0,0.0,1.0,0.0
Rodney Parker,PHI,WR,28.0,36.8,11.0,0.0,0.0,0.0,0.0,0.0,0.0,0.0,168.0,2.0,,8.0,0.0,0.0,0.0
David Verser,CIN,WR,23.0,31.200000000000003,16.0,0.0,0.0,0.0,0.0,11.0,0.0,2.0,161.0,2.0,,6.0,0.0,2.0,0.0
James Jones,DAL,RB,23.0,26.0,16.0,0.0,0.0,0.0,0.0,183.0,1.0,34.0,37.0,0.0,,6.0,0.0,4.0,0.0
Louie Giammona,PHI,RB,28.0,29.200000000000003,8.0,1.0,0.0,0.0,0.0,98.0,1.0,35.0,54.0,1.0,,6.0,0.0,2.0,0.0
Frank Hawkins,OAK,RB,22.0,35.4,13.0,0.0,0.0,0.0,0.0,165.0,0.0,40.0,109.0,0.0,,10.0,0.0,1.0,0.0
Stump Mitchell,STL,RB,22.0,27.0,16.0,0.0,0.0,0.0,0.0,175.0,0.0,31.0,35.0,1.0,,6.0,0.0,3.0,0.0
John Sawyer,SEA,TE,28.0,48.2,16.0,16.0,0.0,0.0,0.0,0.0,0.0,0.0,272.0,0.0,,21.0,0.0,0.0,0.0
Steve Dils,MIN,QB,26.0,19.68,2.0,2.0,607.0,1.0,102.0,14.0,0.0,4.0,0.0,0.0,,0.0,2.0,3.0,0.0
Willard Harrell,STL,RB,29.0,39.7,16.0,0.0,0.0,0.0,0.0,6.0,1.0,5.0,131.0,1.0,,14.0,0.0,0.0,0.0
Wally Henry,PHI,WR,27.0,27.299999999999997,16.0,0.0,0.0,0.0,0.0,-2.0,0.0,1.0,145.0,2.0,,9.0,0.0,4.0,0.0
Stan Rome,KAN,WR,25.0,43.3,16.0,4.0,0.0,0.0,0.0,0.0,0.0,0.0,203.0,1.0,,17.0,0.0,0.0,0.0
Mike Barber,HOU,TE,28.0,38.0,16.0,5.0,0.0,0.0,0.0,0.0,0.0,0.0,190.0,1.0,,13.0,0.0,0.0,0.0
Malcolm Barnwell,OAK,WR,23.0,30.0,16.0,1.0,0.0,0.0,0.0,0.0,0.0,0.0,190.0,1.0,,9.0,0.0,2.0,0.0
Derrick Gaffney,NYJ,WR,26.0,38.6,16.0,13.0,0.0,0.0,0.0,0.0,0.0,0.0,246.0,0.0,,14.0,0.0,0.0,0.0
Doug Kotar,NYG,RB,30.0,33.6,7.0,4.0,0.0,0.0,0.0,154.0,1.0,46.0,32.0,0.0,,9.0,0.0,0.0,0.0
Carlos Carson,KAN,WR,23.0,28.799999999999997,5.0,1.0,0.0,0.0,0.0,-1.0,0.0,1.0,179.0,1.0,,7.0,0.0,1.0,0.0
Todd Christensen,OAK,TE,25.0,31.5,16.0,0.0,0.0,0.0,0.0,0.0,0.0,0.0,115.0,2.0,,8.0,0.0,0.0,0.0
Don Westbrook,NWE,WR,28.0,31.2,12.0,1.0,0.0,0.0,0.0,0.0,0.0,0.0,122.0,2.0,,7.0,0.0,0.0,0.0
Dave Wilson,NOR,QB,22.0,16.42,11.0,4.0,1058.0,1.0,159.0,1.0,0.0,5.0,0.0,0.0,,0.0,11.0,4.0,0.0
Wilbur Jackson,WAS,RB,30.0,26.4,5.0,2.0,0.0,0.0,0.0,183.0,0.0,46.0,51.0,0.0,,7.0,0.0,2.0,0.0
Bob Bruer,MIN,TE,28.0,26.8,15.0,0.0,0.0,0.0,0.0,0.0,0.0,0.0,38.0,3.0,,7.0,0.0,1.0,0.0
Jim Jodat,SEA,RB,27.0,17.799999999999997,12.0,6.0,0.0,0.0,0.0,106.0,1.0,31.0,52.0,0.0,,4.0,0.0,4.0,0.0
Henry Childs,RAM,TE,30.0,30.5,7.0,7.0,0.0,0.0,0.0,0.0,0.0,1.0,145.0,1.0,,12.0,0.0,1.0,0.0
Jeff Rutledge,RAM,QB,24.0,21.38,4.0,0.0,442.0,3.0,50.0,-3.0,0.0,5.0,0.0,0.0,,0.0,4.0,0.0,0.0
Greg Hawthorne,PIT,RB,25.0,22.1,10.0,0.0,0.0,0.0,0.0,58.0,2.0,25.0,23.0,0.0,,4.0,0.0,1.0,0.0
Ron Jessie,BUF,WR,33.0,35.0,15.0,0.0,0.0,0.0,0.0,0.0,0.0,0.0,200.0,0.0,,15.0,0.0,0.0,0.0
Tom Mullady,NYG,TE,24.0,31.6,16.0,3.0,0.0,0.0,0.0,0.0,0.0,0.0,136.0,1.0,,14.0,0.0,1.0,0.0
John Reaves,HOU,QB,31.0,16.46,5.0,2.0,379.0,2.0,61.0,13.0,0.0,6.0,0.0,0.0,,0.0,2.0,2.0,0.0
Bill Ring,SFO,RB,25.0,20.4,12.0,0.0,0.0,0.0,0.0,106.0,0.0,22.0,28.0,1.0,,3.0,0.0,1.0,0.0
Clarence Williams,SDG,RB,26.0,27.400000000000002,14.0,1.0,0.0,0.0,0.0,26.0,0.0,20.0,108.0,1.0,,12.0,0.0,2.0,0.0
Mike Wilson,SFO,WR,23.0,27.5,16.0,0.0,0.0,0.0,0.0,0.0,0.0,0.0,125.0,1.0,,9.0,0.0,0.0,0.0
Rich Caster,2TM,TE,33.0,26.2,7.0,1.0,0.0,0.0,0.0,-3.0,0.0,1.0,185.0,0.0,,12.0,0.0,2.0,0.0
Robin Earl,CHI,TE,26.0,27.8,16.0,15.0,0.0,0.0,0.0,0.0,0.0,0.0,118.0,1.0,,10.0,0.0,0.0,0.0
Roland Harper,CHI,RB,28.0,17.6,15.0,2.0,0.0,0.0,0.0,106.0,1.0,34.0,10.0,0.0,,2.0,0.0,1.0,0.0
Lawrence McCutcheon,BUF,RB,31.0,20.8,6.0,3.0,0.0,0.0,0.0,138.0,0.0,34.0,40.0,0.0,,5.0,0.0,1.0,0.0
John Mistler,NYG,WR,23.0,25.9,16.0,0.0,0.0,0.0,0.0,0.0,0.0,0.0,119.0,1.0,,8.0,0.0,0.0,0.0
Rick Walker,WAS,TE,26.0,28.7,16.0,14.0,0.0,0.0,0.0,5.0,0.0,1.0,112.0,1.0,,11.0,0.0,0.0,0.0
Ricky Bell,TAM,RB,26.0,23.2,7.0,3.0,0.0,0.0,0.0,80.0,0.0,30.0,92.0,0.0,,8.0,0.0,1.0,0.0
Bruce Hardy,MIA,TE,25.0,30.4,16.0,4.0,0.0,0.0,0.0,0.0,0.0,0.0,174.0,0.0,,15.0,0.0,1.0,0.0
Jewerl Thomas,RAM,RB,24.0,18.5,15.0,1.0,0.0,0.0,0.0,118.0,0.0,34.0,37.0,0.0,,5.0,0.0,1.0,0.0
Randy Burke,BAL,WR,26.0,25.3,16.0,1.0,0.0,0.0,0.0,0.0,0.0,0.0,153.0,0.0,,10.0,0.0,0.0,0.0
Raymond Chester,OAK,TE,33.0,28.3,16.0,5.0,0.0,0.0,0.0,0.0,0.0,0.0,93.0,1.0,,13.0,0.0,0.0,0.0
Cleveland Franklin,BAL,RB,26.0,17.1,9.0,0.0,0.0,0.0,0.0,52.0,1.0,21.0,39.0,0.0,,6.0,0.0,2.0,0.0
Louis Jackson,NYG,RB,23.0,16.3,11.0,3.0,0.0,0.0,0.0,68.0,1.0,27.0,25.0,0.0,,3.0,0.0,1.0,0.0
Willie Miller,RAM,WR,34.0,24.7,13.0,1.0,0.0,0.0,0.0,0.0,0.0,0.0,147.0,0.0,,10.0,0.0,0.0,0.0
Mike Phipps,CHI,QB,34.0,14.84,3.0,0.0,171.0,2.0,17.0,0.0,0.0,1.0,0.0,0.0,,0.0,0.0,0.0,0.0
Dave Stief,STL,WR,25.0,19.5,12.0,0.0,0.0,0.0,0.0,8.0,0.0,1.0,77.0,1.0,,5.0,0.0,0.0,0.0
Hoby Brenner,NOR,TE,22.0,19.3,9.0,1.0,0.0,0.0,0.0,0.0,0.0,0.0,143.0,0.0,,7.0,0.0,1.0,0.0
Eddie Lee Ivery,GNB,RB,24.0,16.2,1.0,1.0,0.0,0.0,0.0,72.0,1.0,14.0,10.0,0.0,,2.0,0.0,0.0,0.0
Doug Marsh,STL,TE,23.0,18.0,4.0,3.0,0.0,0.0,0.0,0.0,0.0,0.0,80.0,1.0,,6.0,0.0,1.0,0.0
Calvin Murray,PHI,RB,23.0,15.1,7.0,0.0,0.0,0.0,0.0,134.0,0.0,23.0,7.0,0.0,,1.0,0.0,0.0,0.0
Jay Saldi,DAL,TE,27.0,22.2,16.0,5.0,0.0,0.0,0.0,0.0,0.0,0.0,82.0,1.0,,8.0,0.0,0.0,0.0
Chester Willis,OAK,RB,23.0,12.8,15.0,0.0,0.0,0.0,0.0,54.0,1.0,16.0,24.0,0.0,,1.0,0.0,1.0,0.0
Woody Bennett,MIA,RB,26.0,14.600000000000001,3.0,3.0,0.0,0.0,0.0,104.0,0.0,28.0,22.0,0.0,,4.0,0.0,1.0,0.0
Lin Dawson,NWE,TE,22.0,19.6,15.0,3.0,0.0,0.0,0.0,0.0,0.0,0.0,126.0,0.0,,7.0,0.0,0.0,0.0
Jimmy Hargrove,CIN,RB,24.0,11.6,15.0,0.0,0.0,0.0,0.0,66.0,1.0,16.0,0.0,0.0,,1.0,0.0,1.0,0.0
Jim Jensen,GNB,RB,28.0,15.8,15.0,1.0,0.0,0.0,0.0,79.0,0.0,27.0,49.0,0.0,,5.0,0.0,1.0,0.0
Ulysses Norris,DET,TE,24.0,21.2,12.0,2.0,0.0,0.0,0.0,0.0,0.0,0.0,132.0,0.0,,8.0,0.0,0.0,0.0
Willie Scott,KAN,TE,22.0,18.2,16.0,3.0,0.0,0.0,0.0,0.0,0.0,0.0,72.0,1.0,,5.0,0.0,0.0,0.0
Glenn Carano,DAL,QB,26.0,6.300000000000001,5.0,1.0,235.0,1.0,45.0,9.0,0.0,8.0,0.0,0.0,,0.0,1.0,3.0,0.0
Ronnie Lee,MIA,TE,25.0,26.4,16.0,16.0,0.0,0.0,0.0,0.0,0.0,0.0,64.0,1.0,,14.0,0.0,0.0,0.0
Tracy Porter,DET,WR,22.0,15.3,12.0,0.0,0.0,0.0,0.0,0.0,0.0,0.0,63.0,1.0,,3.0,0.0,0.0,0.0
Lenvil Elliott,SFO,RB,30.0,14.0,4.0,0.0,0.0,0.0,0.0,29.0,0.0,7.0,81.0,0.0,,7.0,0.0,2.0,0.0
Jeff Moore,RAM,WR,24.0,17.5,10.0,0.0,0.0,0.0,0.0,0.0,0.0,0.0,105.0,0.0,,7.0,0.0,0.0,0.0
Carlos Pennywell,NWE,WR,25.0,14.200000000000001,5.0,2.0,0.0,0.0,0.0,3.0,0.0,1.0,49.0,1.0,,3.0,0.0,0.0,0.0
Turk Schonert,CIN,QB,24.0,8.739999999999998,4.0,0.0,166.0,0.0,19.0,41.0,0.0,7.0,0.0,0.0,,0.0,0.0,1.0,0.0
Aundra Thompson,3TM,WR,28.0,19.3,14.0,2.0,0.0,0.0,0.0,2.0,0.0,1.0,111.0,0.0,,8.0,0.0,0.0,0.0
Jack Thompson,CIN,QB,25.0,10.68,8.0,0.0,267.0,1.0,49.0,0.0,0.0,0.0,0.0,0.0,,0.0,2.0,0.0,0.0
Dave Young,NYG,TE,22.0,15.9,11.0,0.0,0.0,0.0,0.0,0.0,0.0,0.0,49.0,1.0,,5.0,0.0,0.0,0.0
Buster Barnett,BUF,TE,23.0,13.6,16.0,0.0,0.0,0.0,0.0,0.0,0.0,0.0,36.0,1.0,,4.0,0.0,0.0,0.0
Clarence Harmon,WAS,RB,26.0,21.2,5.0,0.0,0.0,0.0,0.0,4.0,0.0,1.0,98.0,0.0,,11.0,0.0,0.0,0.0
Jeff Komlo,DET,QB,25.0,5.9,3.0,2.0,290.0,1.0,57.0,3.0,0.0,6.0,0.0,0.0,,0.0,3.0,2.0,0.0
Jim Obradovich,TAM,TE,28.0,14.2,16.0,3.0,0.0,0.0,0.0,0.0,0.0,0.0,42.0,1.0,,4.0,0.0,0.0,0.0
Joe Pisarcik,PHI,QB,29.0,10.26,7.0,0.0,154.0,2.0,15.0,1.0,0.0,7.0,0.0,0.0,,0.0,2.0,0.0,0.0
Sam Adkins,SEA,QB,26.0,8.64,3.0,0.0,96.0,1.0,13.0,28.0,0.0,3.0,0.0,0.0,,0.0,1.0,0.0,0.0
Guy Benjamin,SFO,QB,26.0,8.94,4.0,0.0,171.0,1.0,26.0,1.0,0.0,1.0,0.0,0.0,,0.0,1.0,0.0,0.0
Curtis Bledsoe,KAN,RB,24.0,4.199999999999999,13.0,1.0,0.0,0.0,0.0,65.0,0.0,20.0,27.0,0.0,,3.0,0.0,4.0,0.0
Ike Forte,NYG,RB,27.0,9.5,5.0,3.0,0.0,0.0,0.0,74.0,0.0,19.0,11.0,0.0,,3.0,0.0,1.0,0.0
Dan Pastorini,RAM,QB,32.0,1.2600000000000051,7.0,5.0,719.0,2.0,152.0,5.0,0.0,7.0,0.0,0.0,,0.0,14.0,4.0,0.0
James Wright,DEN,TE,25.0,12.299999999999999,16.0,0.0,0.0,0.0,0.0,11.0,0.0,1.0,22.0,1.0,,3.0,0.0,0.0,0.0
Randy Grossman,PIT,TE,29.0,10.9,16.0,1.0,0.0,0.0,0.0,0.0,0.0,0.0,19.0,1.0,,3.0,0.0,0.0,0.0
Eric Lane,SEA,RB,22.0,15.0,14.0,0.0,0.0,0.0,0.0,22.0,0.0,8.0,58.0,0.0,,7.0,0.0,0.0,0.0
Willie McClendon,CHI,RB,24.0,9.8,16.0,0.0,0.0,0.0,0.0,74.0,0.0,30.0,4.0,0.0,,2.0,0.0,0.0,0.0
John Spagnola,PHI,TE,24.0,14.3,11.0,3.0,0.0,0.0,0.0,0.0,0.0,0.0,83.0,0.0,,6.0,0.0,0.0,0.0
Brooks Williams,2TM,TE,27.0,16.2,12.0,0.0,0.0,0.0,0.0,0.0,0.0,0.0,82.0,0.0,,8.0,0.0,0.0,0.0
Hank Bauer,SDG,RB,27.0,8.1,16.0,0.0,0.0,0.0,0.0,7.0,0.0,2.0,4.0,1.0,,1.0,0.0,0.0,0.0
Greg Landry,BAL,QB,35.0,2.9000000000000004,11.0,0.0,195.0,0.0,29.0,11.0,0.0,1.0,0.0,0.0,,0.0,1.0,2.0,0.0
Leo Lewis,MIN,WR,25.0,9.4,4.0,1.0,0.0,0.0,0.0,16.0,0.0,1.0,58.0,0.0,,2.0,0.0,0.0,0.0
Rich Martini,NOR,WR,26.0,15.2,12.0,0.0,0.0,0.0,0.0,0.0,0.0,0.0,72.0,0.0,,8.0,0.0,0.0,0.0
James Mayberry,ATL,RB,24.0,8.0,16.0,0.0,0.0,0.0,0.0,66.0,0.0,18.0,4.0,0.0,,3.0,0.0,1.0,0.0
Rick Moser,2TM,RB,25.0,7.9,7.0,0.0,0.0,0.0,0.0,4.0,0.0,1.0,5.0,1.0,,1.0,0.0,0.0,0.0
Lou Piccone,BUF,WR,32.0,11.5,14.0,0.0,0.0,0.0,0.0,0.0,0.0,0.0,65.0,0.0,,5.0,0.0,0.0,0.0
Ken Toler,NWE,WR,22.0,12.0,16.0,0.0,0.0,0.0,0.0,0.0,0.0,0.0,70.0,0.0,,5.0,0.0,0.0,0.0
Tim Wilson,HOU,RB,27.0,7.800000000000001,16.0,9.0,0.0,0.0,0.0,35.0,0.0,13.0,33.0,0.0,,5.0,0.0,2.0,0.0
Bob Avellini,CHI,QB,28.0,5.6000000000000005,9.0,0.0,185.0,1.0,32.0,2.0,0.0,5.0,0.0,0.0,,0.0,3.0,0.0,0.0
Chris Combs,STL,TE,23.0,10.4,16.0,2.0,0.0,0.0,0.0,0.0,0.0,0.0,54.0,0.0,,5.0,0.0,0.0,0.0
Wade Manning,DEN,WR,26.0,1.9000000000000004,16.0,0.0,0.0,0.0,0.0,0.0,0.0,0.0,49.0,0.0,,3.0,0.0,3.0,0.0
Mark McGrath,SEA,WR,24.0,8.7,6.0,0.0,0.0,0.0,0.0,0.0,0.0,0.0,47.0,0.0,,4.0,0.0,0.0,0.0
Mike Moroski,ATL,QB,24.0,4.98,3.0,0.0,132.0,0.0,26.0,17.0,0.0,3.0,0.0,0.0,,0.0,1.0,0.0,0.0
Robert Newhouse,DAL,RB,31.0,6.4,16.0,0.0,0.0,0.0,0.0,33.0,0.0,14.0,21.0,0.0,,1.0,0.0,0.0,0.0
Tom Owen,NWE,QB,29.0,2.7200000000000006,2.0,1.0,218.0,1.0,36.0,0.0,0.0,0.0,0.0,0.0,,0.0,4.0,1.0,0.0
Eason Ramson,SFO,TE,25.0,8.5,11.0,0.0,0.0,0.0,0.0,0.0,0.0,0.0,45.0,0.0,,4.0,0.0,0.0,0.0
Jimmy Rogers,NOR,RB,26.0,0.9000000000000004,15.0,0.0,0.0,0.0,0.0,37.0,0.0,9.0,12.0,0.0,,2.0,0.0,3.0,0.0
Calvin Sweeney,PIT,WR,26.0,5.3,14.0,0.0,0.0,0.0,0.0,0.0,0.0,0.0,53.0,0.0,,2.0,0.0,1.0,0.0
Mike Tice,SEA,TE,22.0,9.7,16.0,3.0,0.0,0.0,0.0,0.0,0.0,0.0,47.0,0.0,,5.0,0.0,0.0,0.0
Steve Atkins,2TM,RB,25.0,2.5,4.0,0.0,0.0,0.0,0.0,33.0,0.0,12.0,2.0,0.0,,1.0,0.0,1.0,0.0
Billy Brooks,2TM,WR,28.0,6.7,10.0,0.0,0.0,0.0,0.0,0.0,0.0,0.0,37.0,0.0,,3.0,0.0,0.0,0.0
Brian DeRoo,BAL,WR,25.0,4.8,16.0,0.0,0.0,0.0,0.0,0.0,0.0,0.0,38.0,0.0,,1.0,0.0,0.0,0.0
Danny Fulton,CLE,WR,25.0,5.8,5.0,0.0,0.0,0.0,0.0,0.0,0.0,0.0,38.0,0.0,,2.0,0.0,0.0,0.0
Chuck Fusina,TAM,QB,24.0,4.38,4.0,0.0,2.0,1.0,1.0,3.0,0.0,3.0,0.0,0.0,,0.0,0.0,0.0,0.0
Horace Ivory,2TM,RB,27.0,1.7999999999999998,7.0,0.0,0.0,0.0,0.0,38.0,0.0,9.0,0.0,0.0,,0.0,0.0,1.0,0.0
Timmy Newsome,DAL,RB,23.0,1.7999999999999998,15.0,0.0,0.0,0.0,0.0,38.0,0.0,13.0,0.0,0.0,,0.0,0.0,1.0,0.0
Tim Smith,HOU,WR,24.0,5.7,4.0,1.0,0.0,0.0,0.0,0.0,0.0,0.0,37.0,0.0,,2.0,0.0,0.0,0.0
Doug Donley,DAL,WR,22.0,6.2,11.0,0.0,0.0,0.0,0.0,0.0,0.0,0.0,32.0,0.0,,3.0,0.0,0.0,0.0
John Floyd,STL,WR,25.0,6.2,4.0,1.0,0.0,0.0,0.0,0.0,0.0,0.0,32.0,0.0,,3.0,0.0,0.0,0.0
Ike Harris,NOR,WR,29.0,5.3,3.0,3.0,0.0,0.0,0.0,0.0,0.0,0.0,33.0,0.0,,2.0,0.0,0.0,0.0
Sam Harrell,MIN,RB,24.0,5.0,4.0,0.0,0.0,0.0,0.0,7.0,0.0,1.0,23.0,0.0,,2.0,0.0,0.0,0.0
Steve Howell,MIA,RB,25.0,5.0,10.0,2.0,0.0,0.0,0.0,21.0,0.0,5.0,9.0,0.0,,2.0,0.0,0.0,0.0
Gary Lewis,GNB,TE,23.0,6.1,16.0,0.0,0.0,0.0,0.0,0.0,0.0,0.0,31.0,0.0,,3.0,0.0,0.0,0.0
Kenny Lewis,NYJ,RB,24.0,5.2,5.0,0.0,0.0,0.0,0.0,18.0,0.0,6.0,14.0,0.0,,2.0,0.0,0.0,0.0
Bo Matthews,2TM,RB,30.0,4.699999999999999,8.0,1.0,0.0,0.0,0.0,14.0,0.0,4.0,13.0,0.0,,2.0,0.0,0.0,0.0
Jeff Moore,SEA,RB,25.0,6.3,2.0,0.0,0.0,0.0,0.0,15.0,0.0,1.0,18.0,0.0,,3.0,0.0,0.0,0.0
Fred Nixon,GNB,WR,23.0,0.7000000000000002,8.0,1.0,0.0,0.0,0.0,0.0,0.0,0.0,27.0,0.0,,2.0,0.0,2.0,0.0
Robb Riddick,BUF,RB,24.0,0.8999999999999999,10.0,0.0,0.0,0.0,0.0,29.0,0.0,3.0,0.0,0.0,,0.0,0.0,1.0,0.0
Pat Ryan,NYJ,QB,26.0,3.42,15.0,0.0,48.0,1.0,10.0,-5.0,0.0,3.0,0.0,0.0,,0.0,1.0,0.0,0.0
Bobby Scott,NOR,QB,32.0,1.4000000000000008,4.0,1.0,245.0,1.0,46.0,-4.0,0.0,3.0,0.0,0.0,,0.0,5.0,1.0,0.0
Willis Adams,CLE,WR,25.0,3.4,7.0,0.0,0.0,0.0,0.0,0.0,0.0,0.0,24.0,0.0,,1.0,0.0,0.0,0.0
Gordon Banks,NOR,WR,23.0,-0.20000000000000018,6.0,1.0,0.0,0.0,0.0,0.0,0.0,0.0,18.0,0.0,,2.0,0.0,2.0,0.0
Ken Callicutt,DET,RB,26.0,4.4,16.0,0.0,0.0,0.0,0.0,0.0,0.0,0.0,24.0,0.0,,2.0,0.0,0.0,0.0
Rickey Claitt,WAS,RB,24.0,1.9,13.0,0.0,0.0,0.0,0.0,19.0,0.0,3.0,0.0,0.0,,0.0,0.0,0.0,0.0
Mike Cobb,CHI,TE,26.0,4.0,16.0,1.0,0.0,0.0,0.0,0.0,0.0,0.0,20.0,0.0,,2.0,0.0,0.0,0.0
Tom Flick,WAS,QB,23.0,-2.2800000000000002,6.0,0.0,143.0,0.0,27.0,0.0,0.0,0.0,0.0,0.0,,0.0,2.0,2.0,0.0
Byron Franklin,BUF,WR,23.0,-0.19999999999999973,13.0,0.0,0.0,0.0,0.0,-11.0,0.0,1.0,29.0,0.0,,2.0,0.0,2.0,0.0
Russ Mikeska,ATL,TE,26.0,3.6,16.0,0.0,0.0,0.0,0.0,0.0,0.0,0.0,16.0,0.0,,2.0,0.0,0.0,0.0
Jarvis Redwine,MIN,RB,24.0,0.0,3.0,0.0,0.0,0.0,0.0,20.0,0.0,5.0,0.0,0.0,,0.0,0.0,1.0,0.0
Bo Robinson,ATL,RB,25.0,2.4,15.0,0.0,0.0,0.0,0.0,24.0,0.0,9.0,0.0,0.0,,0.0,0.0,0.0,0.0
Tim Sherwin,BAL,TE,23.0,3.9,16.0,2.0,0.0,0.0,0.0,0.0,0.0,0.0,19.0,0.0,,2.0,0.0,0.0,0.0
Mike Shumann,SFO,WR,26.0,3.0999999999999996,13.0,1.0,0.0,0.0,0.0,0.0,0.0,0.0,21.0,0.0,,3.0,0.0,1.0,0.0
Cliff Stoudt,PIT,QB,26.0,1.7800000000000002,2.0,0.0,17.0,0.0,3.0,11.0,0.0,3.0,0.0,0.0,,0.0,0.0,0.0,0.0
Ray Strong,ATL,RB,25.0,0.5,16.0,0.0,0.0,0.0,0.0,6.0,0.0,3.0,9.0,0.0,,1.0,0.0,1.0,0.0
Otis Wonsley,WAS,RB,24.0,0.6000000000000001,15.0,0.0,0.0,0.0,0.0,11.0,0.0,3.0,5.0,0.0,,1.0,0.0,1.0,0.0
Don Bass,CIN,WR,25.0,0.9,6.0,0.0,0.0,0.0,0.0,9.0,0.0,1.0,0.0,0.0,,0.0,0.0,0.0,0.0
Gerald Carter,TAM,WR,24.0,2.0,16.0,0.0,0.0,0.0,0.0,0.0,0.0,0.0,10.0,0.0,,1.0,0.0,0.0,0.0
Ron Cassidy,GNB,WR,24.0,-0.3999999999999999,10.0,0.0,0.0,0.0,0.0,0.0,0.0,0.0,6.0,0.0,,1.0,0.0,1.0,0.0
Tony Davis,TAM,RB,28.0,0.5,16.0,0.0,0.0,0.0,0.0,5.0,0.0,2.0,0.0,0.0,,0.0,0.0,0.0,0.0
Pete Holohan,SDG,TE,22.0,2.4,7.0,0.0,0.0,0.0,0.0,0.0,0.0,0.0,14.0,0.0,,1.0,0.0,0.0,0.0
June Jones,ATL,QB,28.0,0.9,4.0,0.0,25.0,0.0,3.0,-1.0,0.0,1.0,0.0,0.0,,0.0,0.0,0.0,0.0
Randy Love,STL,RB,25.0,1.1,16.0,0.0,0.0,0.0,0.0,11.0,0.0,3.0,0.0,0.0,,0.0,0.0,0.0,0.0
Greg McCrary,WAS,TE,29.0,4.3,5.0,0.0,0.0,0.0,0.0,0.0,0.0,0.0,13.0,0.0,,3.0,0.0,0.0,0.0
McDonald Oden,CLE,TE,23.0,1.6,16.0,0.0,0.0,0.0,0.0,0.0,0.0,0.0,6.0,0.0,,1.0,0.0,0.0,0.0
Brian Peets,SFO,TE,25.0,1.5,5.0,0.0,0.0,0.0,0.0,0.0,0.0,0.0,5.0,0.0,,1.0,0.0,0.0,0.0
Danny Pittman,NYG,WR,23.0,-2.2,8.0,0.0,0.0,0.0,0.0,0.0,0.0,0.0,8.0,0.0,,1.0,0.0,2.0,0.0
Steve Raible,SEA,WR,27.0,2.2,9.0,0.0,0.0,0.0,0.0,0.0,0.0,0.0,12.0,0.0,,1.0,0.0,0.0,0.0
Scott Stauch,NOR,RB,22.0,0.2999999999999998,10.0,0.0,0.0,0.0,0.0,6.0,0.0,2.0,7.0,0.0,,1.0,0.0,1.0,0.0
Steve Alvers,BUF,0,24.0,0.0,16.0,0.0,0.0,0.0,0.0,0.0,0.0,0.0,0.0,0.0,,0.0,0.0,0.0,0.0
Elmer Bailey,MIA,0,24.0,0.0,16.0,0.0,0.0,0.0,0.0,0.0,0.0,0.0,0.0,0.0,,0.0,0.0,0.0,0.0
Harold Bailey,HOU,0,24.0,0.0,11.0,0.0,0.0,0.0,0.0,0.0,0.0,0.0,0.0,0.0,,0.0,0.0,0.0,0.0
Ron Battle,RAM,0,22.0,0.0,4.0,0.0,0.0,0.0,0.0,0.0,0.0,0.0,0.0,0.0,,0.0,0.0,0.0,0.0
Ed Beckman,KAN,0,26.0,0.0,15.0,0.0,0.0,0.0,0.0,0.0,0.0,0.0,0.0,0.0,,0.0,0.0,0.0,0.0
Matt Bouza,SFO,0,22.0,0.0,1.0,0.0,0.0,0.0,0.0,0.0,0.0,0.0,0.0,0.0,,0.0,0.0,0.0,0.0
Ralph Clayton,STL,0,23.0,0.0,7.0,0.0,0.0,0.0,0.0,0.0,0.0,0.0,0.0,0.0,,0.0,0.0,0.0,0.0
Gary Davis,TAM,0,27.0,-2.0,7.0,0.0,0.0,0.0,0.0,0.0,0.0,0.0,0.0,0.0,,0.0,0.0,1.0,0.0
Johnnie Dirden,PIT,0,29.0,0.0,6.0,0.0,0.0,0.0,0.0,0.0,0.0,0.0,0.0,0.0,,0.0,0.0,0.0,0.0
Bob Fisher,CHI,0,23.0,0.0,6.0,1.0,0.0,0.0,0.0,0.0,0.0,0.0,0.0,0.0,,0.0,0.0,0.0,0.0
Mike Fisher,STL,0,23.0,0.0,2.0,0.0,0.0,0.0,0.0,0.0,0.0,0.0,0.0,0.0,,0.0,0.0,0.0,0.0
Mickey Fitzgerald,2TM,0,23.0,0.0,2.0,0.0,0.0,0.0,0.0,0.0,0.0,0.0,0.0,0.0,,0.0,0.0,0.0,0.0
Scott Fitzkee,SDG,0,24.0,0.0,5.0,0.0,0.0,0.0,0.0,0.0,0.0,0.0,0.0,0.0,,0.0,0.0,0.0,0.0
Steve Folsom,PHI,0,23.0,0.0,3.0,0.0,0.0,0.0,0.0,0.0,0.0,0.0,0.0,0.0,,0.0,0.0,0.0,0.0
Clark Gaines,KAN,0,27.0,0.0,1.0,0.0,0.0,0.0,0.0,0.0,0.0,0.0,0.0,0.0,,0.0,0.0,0.0,0.0
Bubba Garcia,KAN,0,24.0,0.0,1.0,0.0,0.0,0.0,0.0,0.0,0.0,0.0,0.0,0.0,,0.0,0.0,0.0,0.0
Alvin Garrett,2TM,WR,25.0,-1.8,13.0,0.0,0.0,0.0,0.0,2.0,0.0,1.0,0.0,0.0,,0.0,0.0,1.0,0.0
Lewis Gilbert,RAM,0,25.0,0.0,6.0,0.0,0.0,0.0,0.0,0.0,0.0,0.0,0.0,0.0,,0.0,0.0,0.0,0.0
Kris Haines,CHI,0,24.0,0.0,1.0,0.0,0.0,0.0,0.0,0.0,0.0,0.0,0.0,0.0,,0.0,0.0,0.0,0.0
Marvin Harvey,KAN,0,22.0,0.0,7.0,0.0,0.0,0.0,0.0,0.0,0.0,0.0,0.0,0.0,,0.0,0.0,0.0,0.0
Gary Hogeboom,DAL,0,23.0,0.0,1.0,0.0,0.0,0.0,0.0,0.0,0.0,0.0,0.0,0.0,,0.0,0.0,0.0,0.0
Alvin Hooks,PHI,0,24.0,0.0,3.0,0.0,0.0,0.0,0.0,0.0,0.0,0.0,0.0,0.0,,0.0,0.0,0.0,0.0
David Humm,BAL,QB,29.0,-0.3999999999999999,1.0,1.0,90.0,0.0,24.0,0.0,0.0,0.0,0.0,0.0,,0.0,2.0,0.0,0.0
Jim Jensen,MIA,0,23.0,0.0,16.0,0.0,0.0,0.0,0.0,0.0,0.0,0.0,0.0,0.0,,0.0,0.0,0.0,0.0
Arrington Jones,SFO,0,22.0,-2.0,1.0,0.0,0.0,0.0,0.0,0.0,0.0,0.0,0.0,0.0,,0.0,0.0,1.0,0.0
Jeff Kemp,RAM,QB,22.0,-0.09999999999999998,1.0,0.0,25.0,0.0,6.0,9.0,0.0,2.0,0.0,0.0,,0.0,1.0,0.0,0.0
Rusty Lisch,STL,0,25.0,0.0,9.0,1.0,0.0,0.0,0.0,0.0,0.0,0.0,0.0,0.0,,0.0,0.0,0.0,0.0
Ed Luther,SDG,QB,24.0,-0.07999999999999985,16.0,0.0,68.0,0.0,15.0,-8.0,0.0,3.0,0.0,0.0,,0.0,1.0,0.0,0.0
Mardye McDole,MIN,0,22.0,-2.0,9.0,0.0,0.0,0.0,0.0,0.0,0.0,0.0,0.0,0.0,,0.0,0.0,1.0,0.0
Terry Miller,SEA,RB,25.0,0.4,1.0,0.0,0.0,0.0,0.0,4.0,0.0,2.0,0.0,0.0,,0.0,0.0,0.0,0.0
Cleo Montgomery,2TM,0,25.0,-4.0,5.0,0.0,0.0,0.0,0.0,0.0,0.0,0.0,0.0,0.0,,0.0,0.0,2.0,0.0
Emery Moorehead,CHI,0,27.0,0.0,9.0,0.0,0.0,0.0,0.0,0.0,0.0,0.0,0.0,0.0,,0.0,0.0,0.0,0.0
Dana Nafziger,TAM,0,28.0,0.0,16.0,0.0,0.0,0.0,0.0,0.0,0.0,0.0,0.0,0.0,,0.0,0.0,0.0,0.0
Bob Niziolek,DET,0,23.0,0.0,4.0,0.0,0.0,0.0,0.0,0.0,0.0,0.0,0.0,0.0,,0.0,0.0,0.0,0.0
Elvis Peacock,CIN,0,25.0,0.0,3.0,0.0,0.0,0.0,0.0,0.0,0.0,0.0,0.0,0.0,,0.0,0.0,0.0,0.0
Jairo Penaranda,RAM,0,23.0,0.0,16.0,0.0,0.0,0.0,0.0,0.0,0.0,0.0,0.0,0.0,,0.0,0.0,0.0,0.0
Bob Raba,WAS,0,26.0,0.0,8.0,0.0,0.0,0.0,0.0,0.0,0.0,0.0,0.0,0.0,,0.0,0.0,0.0,0.0
Matt Robinson,BUF,QB,26.0,-2.2,15.0,0.0,0.0,0.0,2.0,-2.0,0.0,1.0,0.0,0.0,,0.0,0.0,1.0,0.0
Terry Robiskie,MIA,0,27.0,0.0,1.0,0.0,0.0,0.0,0.0,0.0,0.0,0.0,0.0,0.0,,0.0,0.0,0.0,0.0
Mickey Shuler,NYJ,0,25.0,0.0,6.0,0.0,0.0,0.0,0.0,0.0,0.0,0.0,0.0,0.0,,0.0,0.0,0.0,0.0
John Skibinski,CHI,0,26.0,0.0,11.0,0.0,0.0,0.0,0.0,0.0,0.0,0.0,0.0,0.0,,0.0,0.0,0.0,0.0
Kurt Sohn,NYJ,0,24.0,-10.0,16.0,0.0,0.0,0.0,0.0,0.0,0.0,0.0,0.0,0.0,,0.0,0.0,5.0,0.0
Steve Stephens,NYJ,0,24.0,0.0,16.0,0.0,0.0,0.0,0.0,0.0,0.0,0.0,0.0,0.0,,0.0,0.0,0.0,0.0
John Thompson,GNB,0,24.0,0.0,2.0,0.0,0.0,0.0,0.0,0.0,0.0,0.0,0.0,0.0,,0.0,0.0,0.0,0.0
Rich Thomaselli,HOU,0,24.0,0.0,12.0,0.0,0.0,0.0,0.0,0.0,0.0,0.0,0.0,0.0,,0.0,0.0,0.0,0.0
Eric Torkelson,GNB,RB,29.0,0.4,9.0,0.0,0.0,0.0,0.0,4.0,0.0,1.0,0.0,0.0,,0.0,0.0,0.0,0.0
Rick Trocano,CLE,0,22.0,0.0,6.0,0.0,0.0,0.0,0.0,0.0,0.0,0.0,0.0,0.0,,0.0,0.0,0.0,0.0
Delvin Williams,GNB,0,30.0,0.0,1.0,0.0,0.0,0.0,0.0,0.0,0.0,0.0,0.0,0.0,,0.0,0.0,0.0,0.0
Kevin Williams,BAL,0,23.0,-8.0,11.0,0.0,0.0,0.0,0.0,0.0,0.0,0.0,0.0,0.0,,0.0,0.0,4.0,0.0
Mike Williams,KAN,TE,24.0,1.3,3.0,0.0,0.0,0.0,0.0,0.0,0.0,2.0,3.0,0.0,,1.0,0.0,0.0,0.0
Rich Campbell,GNB,QB,23.0,-1.2800000000000002,2.0,0.0,168.0,0.0,30.0,0.0,0.0,0.0,0.0,0.0,,0.0,4.0,0.0,0.0
Wade Wilson,MIN,QB,22.0,-6.08,3.0,0.0,48.0,0.0,13.0,0.0,0.0,0.0,0.0,0.0,,0.0,2.0,2.0,0.0
